Code,Name,TradeVolume,TradeValue,OpeningPrice,HighestPrice,LowestPrice,ClosingPrice,Change,Transaction
1101,台泥,11409182.0,378718520.0,33.55,33.6,33.0,33.15,-0.4,8455.0
1102,亞泥,4530016.0,191961650.0,42.45,42.6,42.25,42.3,-0.2,2257.0
1103,嘉泥,75432.0,1352066.0,17.95,18.0,17.8,18.0,0.05,117.0
1104,環泥,157694.0,4619353.0,29.4,29.45,29.15,29.2,-0.1,204.0
1108,幸福,297748.0,4346815.0,14.6,14.65,14.55,14.6,0.0,117.0
1109,信大,95428.0,1763793.0,18.45,18.5,18.45,18.5,0.05,71.0
1110,東泥,226321.0,4817121.0,21.1,21.5,20.95,21.35,0.3,140.0
1201,味全,810701.0,14610777.0,18.1,18.2,17.9,17.95,-0.35,521.0
1203,味王,73871.0,3051522.0,41.3,41.35,41.3,41.3,-0.05,79.0
1210,大成,748420.0,39887616.0,53.7,53.7,53.1,53.1,-0.6,1107.0
1215,卜蜂,178688.0,17924437.0,100.0,100.5,99.7,100.5,0.0,659.0
1216,統一,4892137.0,414843134.0,84.6,85.1,84.1,85.0,0.4,2574.0
1218,泰山,550723.0,11513039.0,21.0,21.05,20.8,20.9,-0.1,376.0
1225,福懋油,331854.0,23158326.0,76.7,76.7,69.1,69.1,-7.6,840.0
1227,佳格,220376.0,8307576.0,37.65,37.8,37.65,37.65,0.0,239.0
1229,聯華,868472.0,50047280.0,58.0,58.1,57.4,57.4,-0.5,1572.0
1231,聯華食,143963.0,18600152.0,130.0,130.0,128.0,130.0,1.5,759.0
1232,大統益,8497.0,1238344.0,145.5,146.0,145.5,146.0,1.0,50.0
1234,黑松,182970.0,7565217.0,41.4,41.4,41.25,41.3,-0.3,148.0
1235,興泰,13673.0,1548152.0,113.5,117.0,111.0,111.0,-5.5,2842.0
1256,鮮活果汁-KY,198830.0,28860106.0,146.0,149.5,140.5,140.5,4.5,322.0
1301,台塑,21351215.0,876050107.0,40.75,41.9,40.4,40.7,0.5,10290.0
1303,南亞,15908723.0,588802821.0,37.0,38.2,36.45,36.7,-0.2,9213.0
1304,台聚,1750500.0,21641081.0,12.25,12.6,12.2,12.25,0.0,1057.0
1305,華夏,706336.0,9707763.0,13.6,14.0,13.55,13.6,0.1,528.0
1307,三芳,1600261.0,63189082.0,38.85,40.4,38.85,39.2,0.45,983.0
1308,亞聚,622545.0,9855358.0,15.65,16.1,15.6,15.7,0.1,574.0
1309,台達化,1228191.0,20034861.0,16.2,16.7,16.05,16.1,-0.1,788.0
1310,台苯,736436.0,8062046.0,10.95,11.2,10.8,10.8,-0.15,755.0
1312,國喬,2786349.0,31278931.0,11.1,11.45,11.1,11.15,-0.05,881.0
1313,聯成,1496675.0,15831014.0,10.55,10.8,10.45,10.5,0.05,809.0
1314,中石化,8149090.0,65828734.0,8.08,8.2,8.03,8.03,-0.03,2796.0
1315,達新,36662.0,2584895.0,70.7,70.7,70.4,70.6,-0.1,47.0
1319,東陽,4599002.0,512671904.0,114.0,115.0,109.5,110.0,-3.5,3965.0
1321,大洋,310320.0,10365582.0,33.25,33.75,33.2,33.25,-0.35,212.0
1326,台化,12287445.0,410971423.0,33.3,34.2,32.9,33.15,0.0,5657.0
1342,八貫,353339.0,37185492.0,107.5,107.5,104.0,104.0,-3.0,794.0
1402,遠東新,13830274.0,468476625.0,33.55,34.15,33.5,33.75,0.7,4174.0
1409,新纖,2033958.0,32567934.0,15.95,16.15,15.9,15.95,0.1,671.0
1419,新紡,14558.0,666660.0,45.9,45.9,45.65,45.65,-0.4,20.0
1434,福懋,593103.0,11826221.0,19.95,20.15,19.8,19.95,0.05,534.0
1435,中福,430.0,17067.0,0.0,0.0,0.0,0.0,0.0,16.0
1436,華友聯,191498.0,23584516.0,124.5,125.5,122.5,122.5,-0.5,182.0
1437,勤益控,35054.0,1207411.0,34.45,34.45,34.4,34.45,0.0,79.0
1440,南紡,413463.0,6337551.0,15.4,15.4,15.3,15.3,-0.15,257.0
1442,名軒,1626857.0,134875604.0,83.1,83.8,81.2,83.5,0.1,1620.0
1444,力麗,1714949.0,16260460.0,9.52,9.58,9.4,9.4,-0.07,860.0
1446,宏和,3511380.0,191039411.0,57.0,57.6,52.8,52.9,-4.8,2333.0
1447,力鵬,929694.0,7265751.0,7.86,7.9,7.75,7.75,-0.07,568.0
1455,集盛,436751.0,4369434.0,9.98,10.1,9.93,9.94,-0.03,283.0
1457,宜進,239069.0,4799400.0,20.0,20.15,20.0,20.1,0.15,203.0
1476,儒鴻,556347.0,293337057.0,522.0,532.0,518.0,531.0,4.0,660.0
1477,聚陽,974813.0,301562566.0,306.5,311.0,306.5,309.5,3.0,1022.0
1503,士電,695409.0,138758986.0,199.0,202.5,198.0,198.5,-1.5,914.0
1504,東元,6294646.0,329759960.0,52.8,53.4,51.8,51.8,-1.0,4785.0
1513,中興電,3009102.0,479238423.0,160.0,162.5,157.5,158.0,-1.5,3095.0
1514,亞力,1495682.0,161875697.0,109.5,110.5,107.0,107.0,-2.5,1579.0
1515,力山,473465.0,14444929.0,30.8,30.85,30.3,30.35,-1.05,484.0
1519,華城,2390446.0,1353362668.0,565.0,578.0,558.0,563.0,-10.0,3979.0
1522,堤維西,1614154.0,101874919.0,63.5,63.7,62.7,62.8,-0.3,1273.0
1532,勤美,1802540.0,59990563.0,33.55,33.65,33.1,33.1,-0.45,1086.0
1535,中宇,231025.0,14707662.0,62.4,64.5,62.4,63.0,0.1,208.0
1536,和大,3392576.0,205486772.0,60.5,61.8,59.8,59.8,-1.3,2389.0
1537,廣隆,144787.0,22744680.0,158.0,159.0,156.0,157.0,-1.0,240.0
1558,伸興,139686.0,14656542.0,105.5,105.5,103.5,103.5,0.5,117.0
1560,中砂,874180.0,264221317.0,300.5,304.5,300.5,300.5,-0.5,2662.0
1563,巧新,544290.0,31998427.0,59.9,60.3,58.0,58.0,-0.9,519.0
1582,信錦,560921.0,51502974.0,92.5,93.4,91.0,91.0,-1.4,641.0
1583,程泰,47522.0,2843094.0,59.9,59.9,59.5,59.7,-0.2,25.0
1590,亞德客-KY,1824573.0,1595642307.0,885.0,906.0,860.0,867.0,42.0,2515.0
1597,直得,976908.0,88880438.0,89.1,92.2,89.1,89.7,0.6,1141.0
1603,華電,572471.0,21852525.0,38.05,38.55,37.85,37.85,0.15,475.0
1604,聲寶,124008.0,3517779.0,28.4,28.5,28.2,28.35,0.05,159.0
1605,華新,40346479.0,1064869028.0,26.05,26.8,25.85,26.2,0.3,16571.0
1608,華榮,970951.0,26944991.0,27.8,28.25,27.55,27.6,-0.15,662.0
1609,大亞,4610523.0,203467869.0,44.6,45.1,43.55,44.15,-0.45,3786.0
1611,中電,838782.0,14147990.0,16.9,17.2,16.7,16.75,-0.15,532.0
1612,宏泰,2116515.0,76932290.0,36.3,36.95,35.85,35.85,-0.4,1360.0
1614,三洋電,35094.0,1385286.0,40.05,40.05,39.3,39.45,0.05,38.0
1615,大山,131983.0,7638247.0,58.0,58.9,57.4,57.9,-0.1,189.0
1618,合機,1497068.0,67053058.0,45.55,45.6,44.4,44.85,-1.15,1356.0
1702,南僑,471505.0,24965244.0,53.4,53.8,52.5,52.5,0.0,437.0
1707,葡萄王,157819.0,24648628.0,156.0,157.0,155.5,156.5,1.0,260.0
1708,東鹼,2981898.0,115365898.0,38.85,39.3,38.0,38.6,-0.25,2063.0
1709,和益,312601.0,6780505.0,21.65,21.9,21.6,21.6,-0.05,270.0
1710,東聯,1255983.0,19591694.0,15.65,15.75,15.45,15.6,0.2,816.0
1711,永光,1701651.0,38274801.0,22.2,22.75,22.2,22.55,0.35,1126.0
1712,興農,272642.0,12236745.0,45.2,45.2,44.6,44.65,-0.55,321.0
1713,國化,416304.0,19982072.0,47.2,48.4,47.2,47.85,0.3,180.0
1714,和桐,1376555.0,11615527.0,8.42,8.49,8.4,8.41,0.05,404.0
1717,長興,857724.0,25185966.0,29.55,29.75,29.2,29.3,-0.05,553.0
1718,中纖,3400335.0,27300875.0,8.01,8.17,7.96,7.96,-0.11,1343.0
1720,生達,261659.0,16877241.0,64.1,64.8,64.1,64.6,0.5,261.0
1722,台肥,709252.0,38979013.0,55.0,55.3,54.8,54.8,-0.1,566.0
1723,中碳,324695.0,29603835.0,96.2,96.6,95.8,96.2,-0.1,222.0
1725,元禎,44813.0,1781305.0,39.2,40.5,39.2,39.7,0.2,55.0
1726,永記,18780.0,1417402.0,75.7,75.7,75.3,75.6,0.5,40.0
1736,喬山,1192494.0,225678002.0,188.0,192.5,184.5,190.5,0.5,1405.0
1737,臺鹽,110962.0,3596152.0,32.2,32.5,32.2,32.5,0.25,104.0
1760,寶齡富錦,47961.0,4146273.0,86.2,86.7,86.2,86.3,0.1,122.0
1773,勝一,97126.0,16189697.0,167.5,169.0,165.5,165.5,-2.0,165.0
1786,科妍,739348.0,70086570.0,96.7,96.7,93.5,93.6,-1.7,751.0
1789,神隆,285267.0,6627291.0,23.25,23.55,23.1,23.1,-0.3,249.0
1795,美時,1475542.0,405514229.0,277.0,279.0,272.5,272.5,-4.0,2043.0
1802,台玻,34871990.0,680090684.0,18.75,20.15,18.75,18.85,0.3,13628.0
1808,潤隆,1682530.0,68755657.0,40.6,41.35,40.5,40.55,0.0,1186.0
1903,士紙,52013.0,2822598.0,54.3,54.6,54.0,54.0,-0.8,70.0
1904,正隆,903758.0,18978946.0,21.0,21.15,20.95,20.95,-0.05,876.0
1905,華紙,568602.0,10247951.0,17.8,18.2,17.8,17.85,0.05,387.0
1907,永豐餘,529171.0,16191365.0,30.5,30.85,30.4,30.45,-0.05,316.0
1909,榮成,369187.0,4578844.0,12.35,12.5,12.35,12.35,0.0,248.0
2002,中鋼,14652047.0,308715969.0,21.05,21.3,21.0,21.0,0.0,5827.0
2006,東和鋼鐵,842909.0,60354979.0,71.2,71.9,71.2,71.6,0.8,1059.0
2009,第一銅,1504588.0,59614885.0,39.0,40.25,39.0,39.05,0.4,1113.0
2010,春源,514108.0,9464247.0,18.35,18.55,18.3,18.3,-0.05,380.0
2012,春雨,121188.0,3155494.0,25.8,26.25,25.65,25.95,0.3,111.0
2013,中鋼構,24971.0,1310920.0,52.6,52.6,52.3,52.5,-0.1,148.0
2014,中鴻,4789081.0,94878640.0,19.5,20.15,19.45,19.85,0.45,2611.0
2015,豐興,176667.0,13004005.0,73.4,74.0,73.2,73.9,0.4,788.0
2017,官田鋼,422921.0,4826308.0,11.4,11.6,11.3,11.45,0.05,657.0
2020,美亞,788184.0,22581482.0,29.0,29.0,28.45,28.5,-0.6,1218.0
2023,燁輝,1494223.0,22824230.0,15.2,15.4,15.2,15.25,0.05,457.0
2027,大成鋼,3406232.0,114158313.0,33.6,34.0,33.25,33.25,-0.35,2014.0
2028,威致,191862.0,4247129.0,22.1,22.4,21.9,22.15,0.05,104.0
2029,盛餘,166387.0,4120337.0,24.9,24.9,24.65,24.85,0.05,109.0
2031,新光鋼,266219.0,13291233.0,49.85,50.4,49.55,49.85,0.3,267.0
2034,允強,1307766.0,27307132.0,20.6,21.15,20.5,20.7,0.1,753.0
2049,上銀,4948218.0,1250317502.0,246.5,256.0,244.5,252.5,6.5,5097.0
2059,川湖,1160177.0,1777994405.0,1535.0,1555.0,1515.0,1525.0,-50.0,2213.0
2101,南港,1309156.0,64959351.0,49.85,50.2,49.2,49.4,-0.3,1013.0
2102,泰豐,772898.0,16309531.0,21.25,21.4,20.9,21.05,-0.2,485.0
2103,台橡,905923.0,20172938.0,22.15,22.45,22.15,22.2,0.1,420.0
2104,國際中橡,679924.0,10301065.0,15.25,15.35,15.0,15.0,-0.25,392.0
2105,正新,4056713.0,210106565.0,51.8,52.3,51.4,51.5,-0.5,2306.0
2106,建大,315647.0,9072850.0,28.75,28.95,28.65,28.7,-0.05,334.0
2107,厚生,305023.0,8087052.0,26.4,26.6,26.4,26.45,0.05,259.0
2108,南帝,283361.0,9460533.0,33.35,33.7,33.15,33.35,0.0,209.0
2114,鑫永銓,10542.0,999901.0,95.3,95.3,94.5,94.5,-0.8,24.0
2201,裕隆,2087778.0,116244629.0,55.6,57.0,55.2,55.2,-0.6,1685.0
2204,中華,3215941.0,264668313.0,81.8,83.5,81.7,81.8,-0.4,2817.0
2206,三陽工業,983840.0,68565852.0,69.9,69.9,69.4,69.8,0.4,716.0
2207,和泰車,102675.0,62817864.0,611.0,616.0,611.0,611.0,1.0,307.0
2208,台船,892778.0,14400351.0,16.15,16.3,16.05,16.15,0.0,597.0
2211,長榮鋼,436826.0,43810890.0,100.5,101.0,99.9,100.0,0.1,371.0
2227,裕日車,69926.0,5998579.0,85.1,86.2,85.1,85.2,-0.9,200.0
2228,劍麟,105844.0,10924168.0,103.0,104.0,102.5,103.0,0.5,137.0
2231,為升,1432013.0,156283072.0,107.5,111.5,107.0,107.0,0.5,1647.0
2233,宇隆,1078467.0,188561688.0,179.0,180.0,172.0,173.0,-5.5,1312.0
2247,汎德永業,80918.0,23738519.0,292.0,295.5,291.0,293.5,2.5,196.0
2258,鴻華先進-創,275125.0,11034662.0,40.5,41.45,39.85,40.05,-0.4,160.0
2301,光寶科,8180619.0,844216725.0,105.0,105.5,102.0,103.0,-2.0,5178.0
2308,台達電,8313893.0,3340067043.0,404.5,404.5,398.5,403.0,-2.0,5992.0
2312,金寶,25686380.0,706141989.0,27.7,27.95,27.25,27.35,-0.35,9202.0
2313,華通,33850341.0,2182762592.0,63.2,65.6,62.7,63.7,1.3,18347.0
2314,台揚,641422.0,19352070.0,30.1,30.4,30.05,30.05,-0.35,504.0
2316,楠梓電,4335288.0,225129870.0,51.7,53.7,49.85,50.2,-1.0,2796.0
2317,鴻海,58994150.0,11375383210.0,193.0,195.0,192.0,192.0,-3.0,73633.0
2323,中環,2762608.0,31602593.0,11.6,11.6,11.3,11.3,-0.2,791.0
2324,仁寶,27497175.0,1065316460.0,38.7,39.2,38.35,38.8,-0.3,12726.0
2327,國巨,2117309.0,1143782898.0,540.0,546.0,536.0,538.0,3.0,2969.0
2328,廣宇,2344727.0,86646472.0,37.45,37.5,36.7,36.75,-1.05,1567.0
2329,華泰,1383672.0,50638444.0,36.55,37.05,36.35,36.5,-0.2,1224.0
2330,台積電,32359253.0,34496134808.0,1070.0,1075.0,1060.0,1065.0,-10.0,31326.0
2331,精英,1233324.0,29142982.0,23.9,24.2,23.3,23.3,-0.45,767.0
2332,友訊,4735694.0,98758602.0,20.55,21.1,20.5,20.9,0.45,2675.0
2337,旺宏,8203990.0,181644935.0,22.2,22.55,21.9,21.9,-0.3,3810.0
2338,光罩,1157269.0,61241796.0,53.5,54.0,52.2,52.6,-0.4,1013.0
2340,台亞,680773.0,20560295.0,30.2,30.7,29.95,30.3,0.2,646.0
2344,華邦電,19934571.0,318311464.0,15.95,16.2,15.8,15.8,-0.1,7229.0
2345,智邦,7572105.0,5391684146.0,718.0,734.0,699.0,706.0,-14.0,6353.0
2347,聯強,3368667.0,250390918.0,75.5,75.7,73.8,74.0,-1.7,3361.0
2348,海悅,1598861.0,282290882.0,173.0,179.5,171.5,178.5,6.0,1661.0
2349,錸德,3490408.0,51638135.0,14.75,15.0,14.7,14.75,-0.05,1596.0
2351,順德,1599898.0,159367587.0,100.0,102.0,98.2,98.8,-0.9,1650.0
2352,佳世達,3225052.0,119342117.0,37.2,37.6,36.6,36.6,-0.55,1950.0
2353,宏碁,16862891.0,665810629.0,40.05,40.25,39.0,39.0,-0.5,8091.0
2354,鴻準,53292417.0,4468092373.0,85.8,86.4,82.5,82.9,-2.9,30304.0
2355,敬鵬,667235.0,25981116.0,39.2,39.25,38.6,38.85,-0.25,546.0
2356,英業達,16086403.0,801242242.0,50.8,51.0,49.3,49.4,-0.9,10002.0
2357,華碩,2669274.0,1618740593.0,615.0,617.0,600.0,605.0,-3.0,5000.0
2359,所羅門,3458841.0,479355906.0,138.0,142.5,136.0,137.5,1.5,2833.0
2360,致茂,4050361.0,1645071531.0,415.5,418.0,400.5,401.5,-13.5,4262.0
2362,藍天,6726957.0,388183340.0,57.0,59.9,55.7,55.7,0.2,4914.0
2363,矽統,44040286.0,3371204586.0,75.9,79.5,74.2,74.2,0.9,32601.0
2365,昆盈,2874233.0,116606547.0,40.55,41.35,40.2,40.55,-0.2,2024.0
2367,燿華,8998344.0,280576994.0,31.05,31.8,30.6,30.95,-0.35,6347.0
2368,金像電,3911700.0,789946622.0,203.0,203.5,199.0,203.0,-1.0,3302.0
2369,菱生,559135.0,10180001.0,18.25,18.4,18.05,18.1,-0.05,396.0
2371,大同,11960074.0,570395460.0,47.4,48.4,46.9,47.1,0.05,5822.0
2373,震旦行,30052.0,1999780.0,66.7,66.7,66.5,66.5,-0.2,73.0
2374,佳能,5639125.0,275063820.0,49.35,49.75,48.05,48.05,-0.75,4206.0
2375,凱美,4729352.0,346673492.0,73.9,75.9,71.4,71.9,-2.5,3578.0
2376,技嘉,3579449.0,979845538.0,276.5,277.0,272.0,274.0,-3.5,5815.0
2377,微星,1388796.0,240038833.0,172.0,174.0,172.0,172.5,-0.5,1111.0
2379,瑞昱,3187655.0,1668266712.0,520.0,528.0,518.0,521.0,2.0,3620.0
2382,廣達,14789558.0,4341567170.0,297.0,298.5,291.0,293.0,-3.0,15967.0
2383,台光電,5962046.0,3282973865.0,545.0,556.0,539.0,554.0,4.0,7575.0
2385,群光,1709347.0,258083475.0,152.0,152.0,150.5,150.5,-1.0,1280.0
2387,精元,787657.0,50240448.0,63.7,64.3,63.3,63.7,0.2,763.0
2388,威盛,14450297.0,1595641971.0,107.5,114.0,107.5,110.0,3.0,8682.0
2392,正崴,7363804.0,547210054.0,75.0,75.7,73.6,73.6,-1.6,5700.0
2393,億光,1166823.0,90527122.0,77.9,78.8,77.0,77.0,-1.2,1116.0
2395,研華,706595.0,250225978.0,357.5,357.5,352.0,353.5,-2.0,638.0
2397,友通,82516.0,6383960.0,77.1,78.2,76.8,77.6,0.5,92.0
2401,凌陽,7419135.0,220135813.0,29.2,30.3,28.7,30.05,1.0,4369.0
2402,毅嘉,1499961.0,58903224.0,39.1,39.6,39.1,39.2,-0.25,1093.0
2404,漢唐,1608350.0,741849330.0,458.5,466.0,456.0,456.0,-2.5,2070.0
2405,輔信,4069268.0,83473696.0,20.7,20.9,20.35,20.5,-0.5,2011.0
2406,國碩,1210429.0,20122282.0,16.55,16.8,16.4,16.7,0.15,680.0
2408,南亞科,11322112.0,368902816.0,32.6,33.35,32.05,32.3,-0.2,5980.0
2409,友達,12009113.0,188557767.0,15.7,15.95,15.6,15.6,0.05,3171.0
2412,中華電,4416369.0,550329774.0,124.0,125.0,124.0,124.5,0.0,3198.0
2414,精技,128490.0,4984259.0,38.85,39.25,38.35,38.6,-0.25,202.0
2417,圓剛,329180.0,13153847.0,40.05,40.45,39.8,40.0,0.0,242.0
2419,仲琦,1740391.0,53482621.0,30.8,31.2,30.45,30.5,-0.4,1342.0
2420,新巨,400261.0,25780666.0,65.0,65.4,63.6,64.0,-1.0,446.0
2421,建準,1975982.0,200415333.0,103.5,104.5,100.0,101.0,-2.5,1695.0
2428,興勤,49587.0,7915857.0,160.0,160.5,159.0,159.0,0.0,90.0
2433,互盛電,31500.0,1580141.0,50.2,50.2,50.1,50.1,-0.1,43.0
2436,偉詮電,9154045.0,555092729.0,59.5,62.3,59.3,60.0,0.7,6920.0
2439,美律,770218.0,82881535.0,108.5,109.0,107.0,107.0,-0.5,755.0
2441,超豐,549229.0,31793313.0,58.0,58.1,57.6,57.8,-0.2,581.0
2442,新美齊,820555.0,21123256.0,25.9,26.1,25.55,25.55,-0.25,479.0
2449,京元電子,20152924.0,2398745854.0,120.5,121.5,117.5,117.5,-3.5,15322.0
2450,神腦,89433.0,3087103.0,34.7,34.7,34.45,34.5,-0.1,101.0
2451,創見,534566.0,50161832.0,93.2,94.5,93.1,94.2,0.3,489.0
2453,凌群,3970993.0,237493502.0,60.7,61.1,58.7,59.7,-1.0,2987.0
2454,聯發科,8230114.0,11015978916.0,1315.0,1360.0,1310.0,1350.0,25.0,12323.0
2455,全新,3308309.0,550691043.0,168.5,169.5,164.0,165.5,-2.0,2472.0
2457,飛宏,2408004.0,98499789.0,40.65,41.8,40.3,40.3,-0.05,1643.0
2458,義隆,1415547.0,218510318.0,152.5,156.0,152.5,154.0,1.5,2718.0
2459,敦吉,18831.0,1322787.0,70.0,70.5,70.0,70.1,0.1,21.0
2464,盟立,2001507.0,147579010.0,74.1,75.1,73.1,73.1,-1.2,1731.0
2465,麗臺,544462.0,42073987.0,79.5,79.5,76.1,76.2,-3.9,702.0
2466,冠西電,2009787.0,71758390.0,34.0,36.0,33.65,35.9,-0.65,259.0
2467,志聖,7146077.0,1548073381.0,213.0,225.5,209.5,210.5,3.5,6756.0
2472,立隆電,3696250.0,317331487.0,87.1,88.4,84.4,84.4,-3.2,2870.0
2474,可成,5942159.0,1108820119.0,189.0,189.0,185.0,186.5,0.0,5360.0
2476,鉅祥,1733638.0,151531829.0,89.2,89.5,86.5,86.7,-2.0,1547.0
2478,大毅,95277.0,4484326.0,47.35,47.55,46.8,46.8,-0.45,155.0
2480,敦陽科,572976.0,78754800.0,138.5,139.5,134.5,137.5,-1.0,923.0
2481,強茂,784268.0,41028890.0,51.7,52.9,51.7,51.7,0.1,620.0
2485,兆赫,482059.0,8015135.0,16.65,16.9,16.5,16.55,-0.1,469.0
2486,一詮,12739385.0,1514031552.0,116.5,122.0,115.5,117.5,1.0,7208.0
2489,瑞軒,3231744.0,62144422.0,19.35,19.6,19.1,19.1,-0.2,1954.0
2492,華新科,1706620.0,168472670.0,97.3,100.5,97.0,97.0,-0.6,1411.0
2493,揚博,936338.0,93259527.0,100.0,101.5,98.8,98.8,-1.7,967.0
2495,普安,2851500.0,92293562.0,32.5,32.95,32.15,32.2,-0.3,1666.0
2497,怡利電,665658.0,41950921.0,63.1,64.3,62.5,62.5,-0.3,571.0
2498,宏達電,2756183.0,120901200.0,43.45,44.45,43.4,43.7,0.3,1849.0
2501,國建,1715289.0,43844455.0,25.7,25.9,25.35,25.65,-0.05,868.0
2504,國產,2765892.0,147567496.0,53.4,53.6,52.6,53.5,0.1,1792.0
2505,國揚,78035.0,1751800.0,22.5,22.6,22.3,22.45,-0.1,71.0
2511,太子,702550.0,7650892.0,10.9,11.0,10.75,10.8,-0.1,353.0
2514,龍邦,387212.0,7831609.0,20.4,20.55,20.05,20.05,-0.35,372.0
2515,中工,3529321.0,39866571.0,11.3,11.4,11.2,11.25,-0.05,1315.0
2520,冠德,6061270.0,355512750.0,59.5,60.4,58.0,58.2,-1.9,8659.0
2524,京城,405651.0,29364428.0,71.9,73.0,71.7,72.3,0.3,350.0
2527,宏璟,1058591.0,40459351.0,38.75,39.55,37.6,37.65,-1.45,842.0
2528,皇普,690569.0,27497140.0,39.85,40.55,39.35,40.0,-0.05,296.0
2530,華建,424130.0,16741718.0,39.9,40.1,39.2,39.25,-0.8,326.0
2534,宏盛,950750.0,25945973.0,27.7,27.9,26.85,27.7,0.0,551.0
2535,達欣工,413314.0,22520234.0,54.7,55.1,53.9,54.2,-0.5,885.0
2536,宏普,190212.0,6108097.0,32.6,32.6,32.0,32.15,-0.5,149.0
2537,聯上發,805682.0,11101408.0,14.0,14.05,13.65,13.7,-0.2,550.0
2538,基泰,217623.0,3489209.0,16.05,16.15,15.95,16.0,-0.05,146.0
2539,櫻花建,326891.0,17172901.0,52.9,53.5,52.2,52.4,-0.5,394.0
2540,愛山林,507508.0,44730540.0,88.3,89.0,87.5,87.7,0.3,546.0
2542,興富發,7269659.0,341524082.0,47.4,47.95,46.65,46.65,-0.75,16231.0
2543,皇昌,6159383.0,405445226.0,67.5,67.7,64.9,65.3,-2.2,3949.0
2545,皇翔,1244435.0,82703935.0,67.7,68.2,65.7,66.0,-1.7,1233.0
2546,根基,176109.0,13012092.0,74.6,74.7,72.9,74.0,-1.5,376.0
2547,日勝生,24168070.0,284020106.0,11.9,12.1,11.5,11.65,0.25,6329.0
2548,華固,409503.0,49708742.0,120.0,122.5,120.0,121.0,1.5,664.0
2597,潤弘,250750.0,37434292.0,149.5,151.0,148.0,148.5,0.5,637.0
2601,益航,3456594.0,26732738.0,7.62,7.95,7.6,7.66,0.08,1139.0
2603,長榮,19356000.0,4484552012.0,232.5,234.5,230.0,231.0,-4.5,15134.0
2605,新興,3538656.0,94847104.0,26.95,27.25,26.55,26.6,-0.4,2003.0
2606,裕民,2167167.0,126837289.0,59.4,59.6,57.9,57.9,-1.5,3441.0
2607,榮運,855256.0,26767974.0,31.6,31.6,31.15,31.2,-0.35,648.0
2608,嘉里大榮,104535.0,4105999.0,39.4,39.4,39.2,39.2,-0.25,111.0
2609,陽明,114473303.0,9324751009.0,82.5,83.0,80.2,80.5,-2.5,76702.0
2610,華航,46232558.0,1233704558.0,26.9,27.2,26.4,26.5,-0.45,15680.0
2612,中航,294727.0,12544015.0,42.85,43.2,42.25,42.5,0.0,298.0
2615,萬海,21871001.0,1864088454.0,86.1,86.6,84.3,84.5,-1.6,15053.0
2617,台航,789204.0,24361975.0,31.2,31.2,30.7,30.8,-0.3,514.0
2618,長榮航,72287794.0,3355580900.0,47.3,47.6,45.65,46.2,-1.3,31078.0
2630,亞航,387853.0,12492596.0,32.55,32.55,32.05,32.2,-0.3,518.0
2633,台灣高鐵,3043674.0,86648568.0,28.25,28.6,28.25,28.55,0.3,875.0
2634,漢翔,3430399.0,149462517.0,43.3,44.0,43.2,43.7,0.9,2316.0
2636,台驊控股,486159.0,39525228.0,81.7,82.7,80.5,80.6,-0.7,669.0
2637,慧洋-KY,2873439.0,205421918.0,72.3,73.1,70.6,70.7,-1.6,2153.0
2645,長榮航太,505449.0,48119351.0,95.3,95.6,94.6,95.4,0.4,495.0
2704,國賓,24656.0,1424267.0,58.0,58.0,57.6,57.8,-0.2,46.0
2706,第一店,134612.0,1978749.0,14.65,14.75,14.65,14.65,0.0,87.0
2707,晶華,131924.0,25160492.0,191.0,192.0,190.0,190.5,-0.5,253.0
2722,夏都,136760.0,4534161.0,33.15,33.4,32.7,33.25,0.05,154.0
2723,美食-KY,1383197.0,135695649.0,95.9,99.5,95.0,98.5,3.3,2145.0
2727,王品,157710.0,37401484.0,238.0,239.5,235.0,236.0,0.0,1751.0
2731,雄獅,239486.0,29314395.0,122.0,123.5,122.0,122.5,0.0,294.0
2739,寒舍,138761.0,7073780.0,51.3,51.5,50.7,50.9,-0.4,124.0
2748,雲品,509236.0,31799389.0,62.7,63.4,61.4,62.3,-0.1,451.0
2753,八方雲集,145822.0,21972315.0,152.5,152.5,149.5,149.5,-1.0,213.0
2762,世界健身-KY,93872.0,9086647.0,98.3,98.3,95.8,96.9,-0.5,240.0
2801,彰銀,11625647.0,208691136.0,18.0,18.0,17.9,17.95,-0.05,2359.0
2809,京城銀,4310474.0,207838160.0,48.85,48.9,47.8,48.55,-0.15,3008.0
2812,台中銀,3935257.0,76341111.0,19.5,19.55,19.25,19.25,-0.2,3798.0
2816,旺旺保,212174.0,6861084.0,32.55,32.55,32.15,32.2,-0.3,161.0
2820,華票,961567.0,14788256.0,15.4,15.4,15.35,15.4,0.0,432.0
2832,台產,278175.0,8205626.0,29.45,29.6,29.45,29.5,0.0,226.0
2834,臺企銀,11305397.0,171846625.0,15.15,15.3,15.15,15.15,0.05,3454.0
2836,高雄銀,481260.0,5635483.0,11.75,11.75,11.65,11.65,-0.1,316.0
2838,聯邦銀,849759.0,13287967.0,15.6,15.7,15.6,15.6,0.0,355.0
2838A,聯邦銀甲特,33002.0,1749306.0,53.1,53.1,52.9,53.0,-0.1,13.0
2845,遠東銀,4378966.0,60202187.0,13.8,13.85,13.7,13.7,-0.15,1317.0
2849,安泰銀,42393.0,607025.0,14.4,14.4,14.25,14.25,-0.15,54.0
2850,新產,151445.0,15623126.0,104.0,104.0,102.5,102.5,-1.5,236.0
2851,中再保,1025228.0,26855563.0,26.35,26.35,26.1,26.1,-0.25,506.0
2852,第一保,404303.0,10305428.0,25.65,25.65,25.4,25.4,-0.25,177.0
2855,統一證,1427253.0,38948369.0,27.4,27.45,27.2,27.2,-0.25,826.0
2867,三商壽,3301010.0,21795826.0,6.59,6.65,6.58,6.6,-0.02,948.0
2880,華南金,12931530.0,353075447.0,27.55,27.55,27.15,27.25,-0.3,6586.0
2881,富邦金,10906680.0,1001486596.0,91.5,92.0,91.2,92.0,0.5,7917.0
2881A,富邦特,16197.0,1020150.0,63.0,63.1,63.0,63.1,0.0,15.0
2881B,富邦金乙特,49759.0,2985599.0,60.1,60.1,60.0,60.1,0.0,18.0
2881C,富邦金丙特,54189.0,2867514.0,52.9,53.0,52.9,52.9,0.0,58.0
2882,國泰金,12511424.0,859076215.0,68.8,69.2,68.4,68.6,-0.6,8771.0
2882A,國泰特,23519.0,1434778.0,61.0,61.1,61.0,61.1,0.0,17.0
2882B,國泰金乙特,137860.0,8243377.0,59.5,60.0,59.5,59.8,-0.2,82.0
2883,凱基金,54884063.0,985692396.0,18.1,18.15,17.85,18.0,0.0,9936.0
2883B,凱基金乙特,1934332.0,15106505.0,7.81,7.82,7.8,7.8,-0.01,620.0
2884,玉山金,9537259.0,261808249.0,27.55,27.6,27.35,27.5,-0.05,4762.0
2885,元大金,12883954.0,449376581.0,34.95,35.1,34.65,34.95,0.0,6813.0
2886,兆豐金,20526207.0,814360114.0,39.85,40.1,39.5,39.7,-0.25,7833.0
2887,台新金,43601917.0,772557371.0,17.65,17.8,17.65,17.7,0.05,7928.0
2887E,台新戊特,31436.0,1609441.0,51.2,51.2,51.2,51.2,0.0,10.0
2887F,台新戊特二,899.0,40578.0,0.0,0.0,0.0,0.0,0.0,12.0
2888,新光金,61786350.0,736326348.0,11.95,12.0,11.85,11.95,-0.05,6152.0
2888B,新光金乙特,83610.0,2967820.0,35.5,35.55,35.45,35.45,-0.05,37.0
2889,國票金,5897833.0,88069082.0,14.95,15.05,14.8,14.95,0.0,2043.0
2890,永豐金,26208674.0,624938750.0,24.1,24.25,23.75,23.8,-0.3,9768.0
2891,中信金,33519456.0,1307454720.0,39.15,39.15,38.8,39.1,0.05,11200.0
2891B,中信金乙特,11670.0,710778.0,60.9,61.0,60.9,61.0,-0.1,14.0
2891C,中信金丙特,3962.0,222920.0,56.3,56.6,56.3,56.6,0.0,31.0
2892,第一金,12629502.0,353839809.0,28.0,28.1,27.9,28.1,0.0,6169.0
2897,王道銀行,1152099.0,11439978.0,9.96,9.96,9.91,9.92,-0.02,452.0
2903,遠百,2446096.0,59102116.0,24.25,24.4,24.0,24.0,-0.3,1917.0
2905,三商,478931.0,7661727.0,16.0,16.1,15.95,15.95,0.0,259.0
2908,特力,262550.0,5282802.0,20.15,20.2,20.05,20.15,0.0,66.0
2912,統一超,786337.0,212832925.0,271.5,271.5,270.0,270.5,0.5,913.0
2913,農林,1245472.0,26570316.0,21.5,21.5,21.2,21.25,-0.25,756.0
2915,潤泰全,3219519.0,245427332.0,77.0,77.0,76.0,76.0,-1.2,2197.0
2923,鼎固-KY,40303.0,1212845.0,30.6,30.65,29.5,29.95,-1.15,62.0
3003,健和興,1145811.0,87277435.0,76.3,77.0,75.7,76.0,-0.1,831.0
3005,神基,1329338.0,143108318.0,108.0,109.0,107.0,107.0,-0.5,1176.0
3006,晶豪科,1669693.0,108568347.0,64.3,65.6,63.9,65.4,1.2,1550.0
3008,大立光,492331.0,1205607525.0,2420.0,2475.0,2420.0,2445.0,5.0,1660.0
3010,華立,507501.0,64096028.0,126.5,127.5,125.0,126.0,-0.5,851.0
3013,晟銘電,6866256.0,961377790.0,141.5,144.0,138.0,138.0,-3.0,5070.0
3014,聯陽,654321.0,95567530.0,145.5,147.5,145.5,145.5,0.0,597.0
3015,全漢,1451679.0,91203465.0,63.0,63.7,62.3,62.4,-0.9,1169.0
3016,嘉晶,107407.0,5475736.0,51.2,51.7,50.6,51.0,-0.1,166.0
3017,奇鋐,7558764.0,5201131171.0,702.0,703.0,682.0,682.0,-26.0,13477.0
3019,亞光,19097656.0,2217516208.0,116.0,119.0,113.5,114.5,-2.0,14076.0
3022,威強電,373267.0,29956439.0,80.2,80.9,79.9,80.3,0.2,452.0
3023,信邦,412302.0,107324306.0,257.0,262.0,257.0,261.0,4.5,547.0
3026,禾伸堂,155132.0,13782372.0,89.0,89.1,88.6,89.0,0.0,225.0
3028,增你強,314809.0,9533853.0,30.25,30.6,30.15,30.2,-0.05,310.0
3029,零壹,34042148.0,5237154378.0,148.5,158.0,147.0,155.5,3.5,25223.0
3030,德律,1086192.0,132910349.0,124.0,124.0,121.0,123.5,0.0,988.0
3032,偉訓,7463580.0,675659196.0,90.7,92.2,89.0,91.0,1.1,5337.0
3033,威健,1090796.0,37905869.0,34.9,34.95,34.65,34.75,-0.1,706.0
3034,聯詠,1675863.0,823023872.0,490.0,496.0,488.5,488.5,1.0,2176.0
3035,智原,6823973.0,1602309208.0,236.5,241.5,230.5,231.5,-3.5,12730.0
3036,文曄,6021205.0,643028482.0,108.5,108.5,104.0,106.5,-4.5,4211.0
3037,欣興,6819107.0,1016307581.0,149.5,151.5,148.0,148.0,-0.5,5420.0
3042,晶技,828739.0,86979087.0,104.5,106.0,104.0,105.0,1.0,645.0
3044,健鼎,1374114.0,266071248.0,195.5,195.5,192.0,192.0,-1.0,1258.0
3045,台灣大,5763366.0,657346793.0,114.0,115.0,113.0,114.0,-0.5,2247.0
3047,訊舟,6826981.0,209471867.0,30.75,31.35,29.75,30.55,-1.2,3805.0
3048,益登,1127838.0,34562296.0,30.85,31.3,30.3,30.5,-0.35,816.0
3049,精金,1911616.0,19131249.0,9.96,10.1,9.96,10.0,0.01,797.0
3055,蔚華科,481652.0,31551162.0,66.2,66.9,64.8,65.1,-1.8,541.0
3056,富華新,5648295.0,202872272.0,36.1,36.65,35.15,35.3,-0.35,3450.0
3059,華晶科,595636.0,18489182.0,31.0,31.55,30.8,31.0,0.0,634.0
3062,建漢,3754385.0,120274156.0,32.05,32.6,31.7,31.9,-0.1,2453.0
3090,日電貿,4070743.0,289355690.0,71.7,72.5,70.4,70.4,-1.4,3146.0
3130,一零四,22347.0,4948299.0,220.5,223.0,220.5,222.0,1.5,98.0
3138,耀登,58801.0,6403207.0,110.5,110.5,108.0,108.0,-0.5,100.0
3189,景碩,11828513.0,1163293841.0,94.4,101.0,94.3,99.0,4.7,8737.0
3209,全科,2016274.0,71536990.0,35.75,35.9,35.25,35.4,-0.75,1578.0
3231,緯創,20056273.0,2333878895.0,118.0,118.5,115.5,116.5,-2.0,13732.0
3266,昇陽,67200.0,1300253.0,19.35,19.5,19.25,19.3,-0.1,41.0
3305,昇貿,721091.0,47953166.0,67.0,67.6,65.8,66.2,0.4,659.0
3312,弘憶股,722832.0,43022762.0,60.5,60.5,59.0,59.1,-0.9,625.0
3338,泰碩,823781.0,56338421.0,69.1,69.5,67.8,67.8,-1.2,818.0
3376,新日興,3362536.0,670391257.0,200.5,204.5,196.0,199.0,-4.0,3386.0
3380,明泰,1294312.0,46005393.0,35.45,35.8,35.15,35.5,0.3,1047.0
3406,玉晶光,665957.0,301821865.0,449.5,457.5,449.5,451.0,3.0,981.0
3413,京鼎,570896.0,181985691.0,318.5,322.5,316.0,316.0,-1.5,780.0
3416,融程電,295500.0,45757931.0,159.0,159.0,153.0,154.0,-5.0,1036.0
3443,創意,2761742.0,3490687715.0,1230.0,1285.0,1225.0,1270.0,45.0,4629.0
3450,聯鈞,16960283.0,4100276664.0,241.0,246.0,238.5,240.5,-0.5,12707.0
3454,晶睿,77961.0,9561148.0,123.0,124.5,121.0,123.0,-0.5,329.0
3481,群創,51849460.0,811955112.0,15.7,15.95,15.45,15.5,-0.15,10966.0
3501,維熹,253846.0,16065101.0,63.4,63.8,62.9,63.1,-0.4,347.0
3504,揚明光,75631.0,4212563.0,56.1,56.2,55.5,56.2,0.5,130.0
3515,華擎,379679.0,90214024.0,241.0,241.0,235.0,239.0,0.0,1655.0
3530,晶相光,333376.0,30941969.0,92.8,94.2,91.6,91.6,0.3,560.0
3532,台勝科,313177.0,35648824.0,115.5,116.0,113.0,113.0,-2.5,416.0
3533,嘉澤,1040343.0,1979706225.0,1925.0,1935.0,1885.0,1885.0,-50.0,2051.0
3545,敦泰,3731710.0,333044865.0,89.0,91.0,87.8,88.0,-0.1,3218.0
3557,嘉威,910134.0,72280943.0,79.2,80.3,78.4,79.9,0.5,686.0
3563,牧德,902377.0,388104691.0,436.5,438.0,424.5,429.0,-5.5,1074.0
3576,聯合再生,1874369.0,19723456.0,10.55,10.7,10.4,10.4,-0.15,848.0
3583,辛耘,3188297.0,1417467843.0,443.5,454.0,437.0,437.0,-2.0,3741.0
3592,瑞鼎,392084.0,150452665.0,377.5,385.5,377.5,383.5,4.5,691.0
3596,智易,866348.0,149465232.0,170.5,174.0,169.5,174.0,4.5,739.0
3605,宏致,1735041.0,93034845.0,54.2,54.9,52.8,53.1,-0.1,1375.0
3617,碩天,324863.0,113208835.0,354.0,354.0,346.0,346.0,-6.0,469.0
3622,洋華,1154697.0,74322148.0,64.2,65.4,63.8,63.8,-0.3,956.0
3653,健策,952587.0,1432946995.0,1525.0,1525.0,1480.0,1510.0,-15.0,1702.0
3661,世芯-KY,3686137.0,9875305440.0,2660.0,2730.0,2640.0,2645.0,-30.0,12243.0
3665,貿聯-KY,4864063.0,3303263303.0,693.0,703.0,663.0,682.0,-22.0,6184.0
3673,TPK-KY,758650.0,30848424.0,40.45,41.3,40.25,40.35,-0.1,591.0
3679,新至陞,100020.0,13404670.0,133.5,135.0,133.0,134.5,1.0,114.0
3694,海華,6375569.0,329425445.0,53.0,54.2,49.95,51.3,-2.4,4394.0
3701,大眾控,185743.0,7126895.0,38.1,39.0,38.1,38.15,0.1,173.0
3702,大聯大,2938247.0,207142613.0,70.6,71.2,70.0,70.3,-0.3,1872.0
3702A,大聯大甲特,368900.0,18998111.0,51.5,51.5,51.5,51.5,0.0,152.0
3703,欣陸,574649.0,17504348.0,30.6,30.8,30.2,30.2,-0.4,473.0
3704,合勤控,2167272.0,91944557.0,42.9,43.0,41.6,42.4,-0.2,1275.0
3705,永信,592243.0,32781102.0,55.7,56.0,55.0,55.2,-0.9,466.0
3706,神達,186797366.0,15716915648.0,88.5,89.5,80.8,81.8,-4.2,92822.0
3708,上緯投控,451537.0,43226026.0,96.0,98.4,94.6,95.0,-1.5,599.0
3711,日月光投控,9895247.0,1565998521.0,159.0,159.0,157.5,158.0,-2.0,5570.0
3712,永崴投控,2346140.0,152632704.0,65.5,66.3,64.3,64.8,-0.8,2496.0
3714,富采,2641196.0,118523896.0,45.35,46.1,44.4,44.55,-0.8,1987.0
3715,定穎投控,5340296.0,349964288.0,66.0,66.5,64.7,65.0,-1.0,5834.0
4104,佳醫,99213.0,8666790.0,87.7,87.7,87.1,87.4,-0.2,182.0
4119,旭富,199081.0,18643595.0,93.1,94.2,93.0,94.0,0.6,1014.0
4137,麗豐-KY,425291.0,50602580.0,116.0,122.5,116.0,118.0,5.5,530.0
4142,國光生,403142.0,8804568.0,21.65,22.05,21.65,21.65,0.0,304.0
4164,承業醫,216488.0,8750679.0,40.3,40.8,40.1,40.25,-0.5,313.0
4306,炎洲,1672825.0,29796773.0,17.95,18.05,17.7,17.75,-0.2,1038.0
4438,廣越,39209.0,3919718.0,100.0,100.5,99.6,99.6,-0.3,37.0
4526,東台,1582353.0,49157043.0,30.7,31.8,30.7,30.95,0.35,1235.0
4532,瑞智,862380.0,22813742.0,26.15,26.6,26.15,26.5,0.45,563.0
4536,拓凱,95151.0,18850827.0,198.0,199.0,197.0,197.5,0.5,138.0
4551,智伸科,516031.0,59104953.0,114.5,116.5,113.0,114.0,-0.5,401.0
4566,時碩工業,2113912.0,163225621.0,75.2,79.4,75.2,76.4,1.2,1803.0
4571,鈞興-KY,935334.0,166770550.0,176.5,182.5,175.0,177.5,-1.0,899.0
4576,大銀微系統,4955466.0,604678466.0,117.0,126.0,116.0,121.0,5.0,4162.0
4583,台灣精銳,549053.0,368520071.0,654.0,680.0,654.0,673.0,19.0,887.0
4736,泰博,43423.0,6471373.0,149.0,150.0,148.5,149.0,0.5,96.0
4739,康普,533591.0,33386589.0,62.4,63.3,61.6,63.0,0.0,726.0
4746,台耀,1670544.0,124318750.0,75.3,76.6,73.4,73.6,-2.0,1477.0
4755,三福化,407241.0,56886827.0,142.0,142.0,138.0,138.0,-4.5,601.0
4763,材料-KY,2582770.0,2464161416.0,969.0,977.0,936.0,941.0,-27.0,27697.0
4766,南寶,288811.0,93927199.0,327.0,331.5,322.0,322.0,-5.0,502.0
4770,上品,128478.0,41991060.0,326.5,330.0,324.5,325.0,-0.5,172.0
4771,望隼,90539.0,15843406.0,174.5,176.5,172.5,175.5,3.5,156.0
4904,遠傳,6377375.0,574312462.0,90.2,90.7,89.6,89.9,-0.1,3241.0
4906,正文,2864857.0,100540436.0,35.8,35.85,34.85,34.85,-0.75,2065.0
4912,聯德控股-KY,467178.0,59416287.0,128.0,129.5,125.5,127.5,1.5,468.0
4915,致伸,1429296.0,112687759.0,79.1,80.1,78.0,78.0,-1.4,1071.0
4919,新唐,3685940.0,353342098.0,95.8,97.3,94.4,96.0,0.1,3332.0
4927,泰鼎-KY,1606340.0,62927935.0,38.15,39.95,38.15,38.85,0.65,960.0
4935,茂林-KY,63284.0,3999777.0,63.3,63.8,63.0,63.1,-0.2,89.0
4938,和碩,6186052.0,596421948.0,97.3,97.5,95.9,96.0,-1.3,3684.0
4942,嘉彰,190729.0,7829931.0,41.1,41.15,40.75,40.9,-0.25,140.0
4952,凌通,616841.0,32920387.0,52.5,54.9,52.0,54.3,0.7,510.0
4958,臻鼎-KY,3004655.0,348897349.0,116.0,117.0,115.0,116.0,0.5,2155.0
4960,誠美材,879898.0,11565664.0,13.0,13.25,13.0,13.15,0.2,408.0
4961,天鈺,410437.0,98197361.0,242.5,242.5,237.5,237.5,-3.0,563.0
4967,十銓,4169207.0,339379646.0,84.3,84.3,79.2,80.8,-6.2,3477.0
4968,立積,11885120.0,2625093901.0,212.0,226.0,211.5,220.0,5.5,10619.0
4976,佳凌,135244.0,4992203.0,36.75,37.45,36.7,36.7,-0.2,143.0
4977,眾達-KY,27198219.0,4005648362.0,145.5,152.0,144.5,146.0,1.5,18672.0
4994,傳奇,23145.0,2468770.0,109.0,109.0,105.0,106.0,-3.0,28.0
5007,三星,22808.0,1251815.0,55.0,55.0,54.6,54.7,-0.2,21.0
5203,訊連,147807.0,12787230.0,87.5,87.6,85.8,85.9,-1.5,442.0
5222,全訊,249703.0,30971142.0,124.0,125.0,123.5,123.5,-1.0,459.0
5225,東科-KY,503698.0,61365962.0,122.0,123.5,120.5,123.5,1.5,511.0
5234,達興材料,795104.0,166114244.0,209.0,214.5,206.5,207.5,-3.5,806.0
5243,乙盛-KY,1755082.0,119943653.0,68.8,69.7,67.5,67.8,-0.7,1069.0
5258,虹堡,319413.0,28419681.0,89.1,90.2,88.0,88.0,-1.1,332.0
5269,祥碩,1486531.0,2765238485.0,1825.0,1905.0,1820.0,1850.0,-35.0,3320.0
5283,禾聯碩,30013.0,3138165.0,104.0,105.0,104.0,104.5,0.0,51.0
5285,界霖,214701.0,11016937.0,51.7,52.0,50.9,52.0,0.3,163.0
5288,豐祥-KY,19187.0,3769988.0,197.0,198.0,195.5,195.5,-4.0,28.0
5306,桂盟,165036.0,20337683.0,123.0,124.5,122.0,123.0,0.0,230.0
5388,中磊,1187678.0,134555769.0,114.5,114.5,112.5,113.5,-1.0,1137.0
5434,崇越,181640.0,54846809.0,303.5,303.5,301.0,301.0,-2.5,352.0
5469,瀚宇博,595517.0,30851022.0,52.1,52.6,51.4,51.6,-0.4,669.0
5471,松翰,396058.0,16709715.0,42.85,43.1,41.6,41.75,-0.75,384.0
5519,隆大,487012.0,17931499.0,37.0,37.55,36.45,36.55,-0.05,354.0
5522,遠雄,2324122.0,163844931.0,70.5,72.0,68.8,70.6,0.1,3055.0
5525,順天,59822.0,2042000.0,34.4,34.4,33.95,34.3,-0.1,84.0
5531,鄉林,640595.0,7300598.0,11.3,11.5,11.2,11.5,0.2,392.0
5533,皇鼎,122420.0,2562977.0,20.9,21.0,20.8,20.95,-0.25,161.0
5534,長虹,398258.0,35207141.0,88.6,89.5,87.9,88.1,-0.2,406.0
5607,遠雄港,708323.0,33216174.0,47.15,47.7,46.3,46.3,-1.25,1628.0
5608,四維航,1281950.0,22850727.0,18.15,18.25,17.7,17.7,-0.3,659.0
5871,中租-KY,22283038.0,2805484720.0,124.0,129.0,122.5,123.0,2.0,14630.0
5871A,中租-KY甲特,23503.0,2298041.0,97.8,97.8,97.7,97.7,0.0,13.0
5876,上海商銀,10785601.0,435049316.0,40.5,40.5,40.15,40.35,0.2,5026.0
5880,合庫金,7232576.0,182674925.0,25.35,25.4,25.2,25.2,-0.1,3428.0
6005,群益證,5112671.0,121718705.0,23.75,23.9,23.7,23.8,0.1,2630.0
6024,群益期,704265.0,41591827.0,59.5,60.0,58.5,58.8,-1.4,2302.0
6112,邁達特,4060866.0,218658018.0,55.2,55.4,52.4,52.5,-3.8,3096.0
6115,鎰勝,26223.0,1375515.0,52.5,52.5,52.3,52.3,-0.1,48.0
6116,彩晶,3325269.0,29520331.0,8.88,9.03,8.78,8.81,-0.07,1409.0
6117,迎廣,764580.0,74260469.0,98.3,98.8,96.4,96.7,-1.6,736.0
6120,達運,766196.0,10485510.0,13.7,13.9,13.5,13.6,0.0,336.0
6139,亞翔,2142154.0,494337470.0,230.0,234.5,228.5,229.0,-0.5,2891.0
6153,嘉聯益,873116.0,14547118.0,16.6,16.85,16.6,16.6,0.0,473.0
6166,凌華,231985.0,17248017.0,74.4,75.0,73.9,74.5,0.0,418.0
6176,瑞儀,1756587.0,337230366.0,193.0,194.5,190.5,190.5,-1.5,1338.0
6177,達麗,829813.0,36138737.0,43.6,44.05,43.3,43.35,0.0,705.0
6183,關貿,26567.0,2194504.0,82.7,83.0,82.1,82.3,-0.4,263.0
6184,大豐電,36567.0,1893631.0,51.8,51.8,51.7,51.7,-0.1,45.0
6189,豐藝,1335020.0,112627724.0,86.2,86.2,83.6,83.7,-2.6,1641.0
6191,精成科,1271180.0,69097071.0,54.3,55.0,54.1,54.1,-0.3,928.0
6192,巨路,98899.0,10613768.0,107.5,108.0,106.5,108.0,1.0,155.0
6196,帆宣,167124.0,25040998.0,150.5,151.0,149.0,149.5,-0.5,284.0
6197,佳必琪,751155.0,113982457.0,151.5,154.0,151.0,151.0,-1.5,936.0
6202,盛群,922577.0,46665477.0,49.6,51.4,49.4,50.1,1.0,930.0
6206,飛捷,1182691.0,102850722.0,88.0,88.0,85.5,86.9,2.9,1026.0
6213,聯茂,1854503.0,144042771.0,78.0,78.6,77.0,77.0,-0.7,1552.0
6214,精誠,7850387.0,1237583371.0,160.0,160.0,154.0,160.0,-4.0,5870.0
6230,尼得科超眾,47252.0,9819012.0,215.0,215.0,205.5,206.5,-6.0,383.0
6235,華孚,802280.0,55972957.0,69.5,70.6,69.2,69.5,-0.3,812.0
6239,力成,2081500.0,249623859.0,120.5,121.5,119.0,119.5,-1.0,1580.0
6257,矽格,2404927.0,169119801.0,71.2,71.5,69.5,69.5,-0.8,1784.0
6269,台郡,971636.0,63803445.0,65.4,66.4,65.3,65.5,0.5,757.0
6271,同欣電,1135896.0,150276282.0,131.0,133.5,131.0,132.0,1.0,1012.0
6277,宏正,135081.0,10392302.0,76.6,77.3,76.6,76.8,0.0,212.0
6278,台表科,982252.0,103380721.0,105.5,106.0,104.0,105.5,0.0,685.0
6281,全國電,16503.0,1369084.0,82.9,83.0,82.9,83.0,0.1,38.0
6282,康舒,2058235.0,67106009.0,32.55,33.25,32.25,32.25,-0.25,1447.0
6285,啟碁,1176610.0,139902738.0,119.5,121.0,118.0,118.5,-1.0,1177.0
6288,聯嘉,1742951.0,49844203.0,28.65,29.15,28.35,28.35,-0.25,1027.0
6409,旭隼,124093.0,240335690.0,1920.0,1950.0,1910.0,1945.0,15.0,266.0
6412,群電,554962.0,69660936.0,126.5,128.0,124.5,124.5,-1.5,766.0
6414,樺漢,364683.0,111437747.0,305.0,307.5,304.0,305.0,0.0,1733.0
6415,矽力*-KY,6300701.0,2792046332.0,425.0,452.5,425.0,445.5,34.0,7271.0
6416,瑞祺電通,1020885.0,112633857.0,113.0,113.0,109.0,109.0,-3.0,1018.0
6438,迅得,2024149.0,394921067.0,192.0,200.5,191.5,192.0,0.5,1917.0
6442,光聖,10467816.0,5824172714.0,550.0,578.0,541.0,548.0,-8.0,10423.0
6443,元晶,5946432.0,122637109.0,20.3,21.15,20.05,20.75,0.55,2395.0
6446,藥華藥,516026.0,301874404.0,585.0,592.0,582.0,582.0,0.0,881.0
6449,鈺邦,389956.0,57385877.0,149.0,149.5,145.5,145.5,-2.5,499.0
6451,訊芯-KY,13412563.0,3562492935.0,271.0,272.0,259.0,259.5,-11.5,11448.0
6456,GIS-KY,685876.0,34964212.0,50.5,51.3,50.3,51.0,1.1,618.0
6464,台數科,10035.0,804427.0,80.2,80.3,80.0,80.3,0.0,12.0
6472,保瑞,1387813.0,1076088662.0,779.0,790.0,766.0,767.0,-12.0,4451.0
6491,晶碩,845642.0,311454750.0,353.5,378.5,353.5,364.5,12.5,1274.0
6505,台塑化,9706031.0,386761701.0,39.25,40.65,39.2,39.5,0.4,4950.0
6515,穎崴,390304.0,436321160.0,1115.0,1130.0,1105.0,1115.0,0.0,911.0
6525,捷敏-KY,170487.0,11613779.0,68.5,69.4,67.6,67.7,-0.6,213.0
6526,達發,715864.0,487357595.0,688.0,692.0,673.0,676.0,-9.0,1444.0
6531,愛普*,1017713.0,323427251.0,319.0,322.0,315.5,315.5,-2.0,6551.0
6533,晶心科,692321.0,280455294.0,403.0,409.0,400.0,406.0,3.0,1152.0
6534,正瀚-創,44800.0,3677100.0,82.0,82.5,81.6,82.5,0.1,33.0
6541,泰福-KY,161968.0,10956152.0,68.1,68.6,67.0,67.0,-1.0,192.0
6550,北極星藥業-KY,374627.0,18775126.0,50.2,50.5,49.8,49.95,-0.25,337.0
6579,研揚,29516.0,3685945.0,125.5,125.5,124.5,124.5,-0.5,102.0
6581,鋼聯,160076.0,19218081.0,118.5,122.5,117.5,118.5,0.5,116.0
6582,申豐,314264.0,20634064.0,64.2,67.2,64.2,65.4,1.4,576.0
6585,鼎基,551974.0,74737319.0,136.5,138.0,133.0,135.5,-1.0,562.0
6592,和潤企業,570779.0,46795277.0,81.3,83.5,81.3,81.3,0.0,698.0
6605,帝寶,130297.0,30866591.0,237.0,238.5,235.5,236.5,-0.5,237.0
6655,科定,4055.0,511430.0,125.5,128.0,125.5,128.0,0.0,6.0
6669,緯穎,2924565.0,7163342910.0,2465.0,2510.0,2415.0,2435.0,-50.0,6211.0
6670,復盛應用,363469.0,112906077.0,316.5,316.5,308.5,311.0,-2.5,3133.0
6689,伊雲谷,1576523.0,172189097.0,109.0,112.0,106.5,109.0,-1.0,1484.0
6691,洋基工程,3438425.0,1317336949.0,378.0,393.0,370.5,387.5,19.0,4811.0
6695,芯鼎,11584768.0,778014560.0,64.5,69.2,64.0,68.3,0.8,8776.0
6706,惠特,4637735.0,727291450.0,164.0,166.0,151.5,154.0,-9.5,4112.0
6715,嘉基,1051302.0,183680725.0,175.5,178.0,171.0,171.0,-4.5,691.0
6719,力智,372608.0,87593886.0,232.0,240.0,232.0,233.0,0.0,480.0
6743,安普新,106455.0,4968811.0,46.3,47.0,46.3,46.65,0.3,120.0
6753,龍德造船,276874.0,28799753.0,103.5,105.0,103.0,103.5,0.0,296.0
6756,威鋒電子,383913.0,52565606.0,135.0,139.0,132.0,136.5,5.5,711.0
6757,台灣虎航,3009504.0,242405299.0,81.5,81.6,79.8,80.1,-1.2,2344.0
6768,志強-KY,2140291.0,288751224.0,136.5,139.0,130.5,137.5,-1.5,1844.0
6770,力積電,8607051.0,145189798.0,16.7,17.2,16.65,16.7,0.05,3469.0
6781,AES-KY,462284.0,444034075.0,972.0,975.0,953.0,953.0,-39.0,832.0
6782,視陽,269826.0,51639875.0,190.5,194.0,190.0,190.0,-0.5,400.0
6789,采鈺,259604.0,70471376.0,271.0,274.5,270.0,270.5,0.0,1066.0
6790,永豐實,69810.0,3183451.0,45.85,45.9,45.45,45.7,0.3,69.0
6805,富世達,1224773.0,1260117470.0,1035.0,1050.0,1010.0,1030.0,10.0,1547.0
6806,森崴能源,1501238.0,180395083.0,122.0,122.5,119.0,119.0,-4.5,1848.0
6830,汎銓,678257.0,111638266.0,166.5,169.0,162.0,162.5,-4.0,720.0
6854,錼創科技-KY創,424045.0,65472862.0,158.0,159.5,151.0,152.5,-5.0,294.0
6863,永道-KY,4333985.0,1063310463.0,241.0,253.5,235.0,246.0,12.0,4127.0
6869,雲豹能源,843062.0,152467363.0,180.5,183.5,179.0,181.5,0.5,1412.0
6873,泓德能源,1183341.0,263646263.0,225.0,227.0,220.0,222.5,-4.0,4081.0
6890,來億-KY,258403.0,100293558.0,389.0,391.0,386.0,386.0,-2.5,444.0
6901,鑽石投資,662171.0,23632448.0,35.8,36.5,35.25,35.25,-0.75,536.0
6914,阜爾運通,30383.0,3609475.0,119.5,119.5,118.0,118.5,-2.0,110.0
6928,攸泰科技,59476.0,3414842.0,58.2,58.3,57.0,57.7,0.5,56.0
6933,AMAX-KY,94206.0,22629231.0,248.0,248.0,237.0,237.0,-6.0,218.0
6937,天虹,4368035.0,1650753988.0,386.0,393.0,366.5,366.5,-40.5,5098.0
6949,沛爾生醫-創,16000.0,1369100.0,85.6,85.6,85.3,85.4,-0.2,16.0
6957,裕慶-KY,375718.0,78613433.0,198.0,213.5,198.0,212.0,14.0,374.0
8016,矽創,762301.0,158231508.0,210.5,210.5,206.5,206.5,-3.5,879.0
8028,昇陽半導體,5711599.0,748003696.0,131.5,134.0,129.0,130.0,-2.5,4414.0
8033,雷虎,1398060.0,79074996.0,56.4,57.8,55.6,56.7,-0.3,1055.0
8039,台虹,1192928.0,57337531.0,47.25,48.75,47.25,47.75,0.55,832.0
8046,南電,1323673.0,149335411.0,112.0,114.5,111.5,112.0,0.0,1218.0
8070,長華*,2521271.0,127794094.0,51.4,51.4,50.1,50.6,-0.6,1877.0
8081,致新,998048.0,240976867.0,241.5,243.5,240.0,240.5,3.0,1289.0
8105,凌巨,982459.0,15858706.0,15.9,16.35,15.8,15.95,0.05,556.0
8110,華東,974551.0,15071841.0,15.5,15.7,15.25,15.25,-0.25,503.0
8112,至上,7717980.0,489007829.0,64.5,64.7,62.5,64.0,-2.6,5858.0
8114,振樺電,1561741.0,528291942.0,333.0,345.0,327.5,336.5,4.0,1567.0
8131,福懋科,503065.0,15384300.0,31.0,31.2,30.3,30.4,-0.6,509.0
8150,南茂,1174100.0,37231373.0,31.7,32.0,31.6,31.6,0.2,742.0
8163,達方,969693.0,44912956.0,46.2,46.8,46.05,46.15,-0.05,961.0
8210,勤誠,1133149.0,327001815.0,288.0,291.0,286.5,288.0,0.5,2420.0
8213,志超,227954.0,8489194.0,37.6,37.6,37.1,37.1,-0.5,231.0
8215,明基材,448642.0,14710710.0,33.0,33.3,32.55,32.55,-0.45,379.0
8261,富鼎,1662183.0,156763491.0,95.0,96.0,93.4,93.9,-1.4,1632.0
8271,宇瞻,171149.0,8261137.0,48.8,48.85,48.0,48.1,-0.7,196.0
8341,日友,154592.0,14186079.0,90.7,92.6,90.7,91.1,0.4,387.0
8374,羅昇,1222886.0,158809425.0,129.0,133.0,128.5,130.0,0.5,1167.0
8404,百和興業-KY,4565842.0,140523722.0,30.0,32.0,29.7,29.8,-0.35,2575.0
8422,可寧衛,136258.0,24691784.0,182.0,182.0,181.0,182.0,1.0,156.0
8442,威宏-KY,96659.0,10324079.0,107.5,109.0,105.5,106.5,2.5,94.0
8454,富邦媒,543244.0,189459812.0,355.0,356.0,346.0,348.0,-4.5,3112.0
8462,柏文,46329.0,5389152.0,117.5,117.5,115.5,117.0,-0.5,154.0
8464,億豐,958724.0,374328104.0,391.0,397.0,385.5,395.0,1.0,1047.0
8467,波力-KY,691222.0,204513800.0,304.5,306.0,290.5,292.0,-12.5,873.0
8473,山林水,406378.0,15052699.0,36.7,37.9,36.65,36.9,0.5,300.0
8478,東哥遊艇,70478.0,17138940.0,244.5,245.0,241.5,242.5,1.0,177.0
8482,商億-KY,3000.0,194400.0,65.0,65.0,64.7,64.7,-0.2,3.0
8926,台汽電,442788.0,18841153.0,42.6,42.85,42.3,42.5,0.1,380.0
8996,高力,1204278.0,406848568.0,340.0,343.5,334.5,335.5,-5.0,1406.0
9802,鈺齊-KY,354792.0,38252982.0,109.5,109.5,107.0,108.0,-0.5,618.0
9904,寶成,12988556.0,561054437.0,43.7,43.85,42.95,43.05,-0.85,7204.0
9905,大華,37300.0,858609.0,22.95,23.05,22.95,23.0,0.1,31.0
9906,欣巴巴,258355.0,32255485.0,127.0,128.0,123.5,123.5,-3.0,381.0
9907,統一實,1213924.0,19369647.0,15.85,16.05,15.85,15.95,0.1,532.0
9908,大台北,78252.0,2364059.0,30.2,30.25,30.2,30.2,0.0,100.0
9910,豐泰,1092152.0,152160028.0,138.5,140.5,138.0,140.5,4.5,986.0
9911,櫻花,280872.0,23955236.0,85.5,85.8,84.9,85.1,-0.3,401.0
9914,美利達,254679.0,41080770.0,161.5,163.0,160.5,160.5,0.5,475.0
9917,中保科,587046.0,76891578.0,132.0,132.0,130.0,130.5,-1.5,629.0
9918,欣天然,5477.0,220159.0,40.2,40.2,40.1,40.1,0.0,70.0
9921,巨大,1591934.0,238497824.0,147.0,151.0,147.0,150.5,4.5,1437.0
9924,福興,234463.0,12666769.0,54.5,54.5,53.5,53.6,-0.4,117.0
9925,新保,71346.0,2943856.0,41.15,41.35,41.15,41.35,0.1,75.0
9926,新海,2046.0,106713.0,52.0,52.3,52.0,52.3,0.0,4.0
9927,泰銘,128538.0,8439290.0,66.0,66.0,65.4,66.0,0.3,144.0
9930,中聯資源,54298.0,3662426.0,67.3,67.8,67.1,67.5,0.7,128.0
9933,中鼎,1838176.0,74548028.0,40.55,41.0,40.35,40.4,0.0,1552.0
9934,成霖,669700.0,9728413.0,14.55,14.65,14.4,14.55,0.0,324.0
9937,全國,23915.0,1547500.0,65.8,65.8,63.1,64.0,-0.7,73.0
9938,百和,2548726.0,206013347.0,81.4,83.0,79.3,79.3,-1.8,2190.0
9939,宏全,618153.0,90224840.0,147.0,147.5,145.5,146.0,0.5,846.0
9940,信義,139420.0,4134879.0,29.6,29.75,29.5,29.55,-0.05,156.0
9941,裕融,2005900.0,225867892.0,110.0,114.5,110.0,112.5,1.5,2089.0
9942,茂順,56550.0,6474467.0,113.0,115.0,113.0,115.0,2.0,80.0
9943,好樂迪,29760.0,2360205.0,79.5,79.5,79.0,79.4,0.1,59.0
9945,潤泰新,2427286.0,111510326.0,45.85,46.3,45.8,45.8,-0.2,1284.0
9946,三發地產,170286.0,4227027.0,24.75,25.35,24.6,24.8,0.05,200.0
9958,世紀鋼,1662446.0,297698468.0,180.5,182.5,177.5,178.0,-3.0,1841.0
